<?xml version="1.0" encoding="UTF-8"?>

<toolkit xmlns:xsi="http://www.w3.org/2001/XMLSchema-Instance" xsi:noNamespaceSchemaLocation="item.xsd">
  <itinerary label="SQL-NaiveBayes.zip">
    <module alias="Create Naive Bayes Model" classname="ncsa.d2k.modules.core.prediction.naivebayes.CreateNBModel" xloc="411" yloc="319">
      <input index="0" classname="ncsa.d2k.modules.core.transform.binning.BinTree"/>
      <input index="1" classname="ncsa.d2k.modules.core.datatype.table.ExampleTable"/>
      <output index="0" classname="ncsa.d2k.modules.core.prediction.naivebayes.NaiveBayesModel">
        <destination alias="Prepare Model for Visualization" index="0"/>
      </output>
      <property name="outputCounts" value="1"/>
      <property name="moduleStatistics" reference="Create Naive Bayes Model:moduleStatistics"/>
    </module>
    <module alias="Choose Input and Output Attributes" classname="ncsa.d2k.modules.core.transform.attribute.ChooseAttributes" xloc="12" yloc="353">
      <input index="0" classname="ncsa.d2k.modules.core.datatype.table.Table"/>
      <output index="0" classname="ncsa.d2k.modules.core.datatype.table.ExampleTable">
        <destination alias="FanOut5" index="0"/>
      </output>
      <property name="outputCounts" value="1"/>
      <property name="moduleStatistics" reference="Choose Input and Output Attributes:moduleStatistics"/>
      <property name="supressGui" value="false"/>
    </module>
    <module alias="FanOut" classname="ncsa.d2k.core.modules.FanOutModule" xloc="254" yloc="131">
      <input index="0" classname="java.lang.String"/>
      <output index="0" classname="java.lang.String">
        <destination alias="SQLFilterConstruction" index="1"/>
      </output>
      <output index="1" classname="java.lang.String">
        <destination alias="ReadQueryResults" index="2"/>
      </output>
      <output index="2" classname="java.lang.String">
        <destination alias="SQLCreateBinTree" index="2"/>
      </output>
      <output index="3" classname="java.lang.String">
        <destination alias="SQL Bin Attributes" index="1"/>
      </output>
      <output index="4" classname="java.lang.String">
        <destination alias="Available Attributes Input" index="1"/>
      </output>
      <property name="outputCounts" value="0,0,0,0,0"/>
      <property name="moduleStatistics" reference="FanOut:moduleStatistics"/>
    </module>
    <module alias="SQLCreateBinTree" classname="ncsa.d2k.modules.core.transform.binning.SQLCreateBinTree" xloc="346" yloc="252">
      <input index="0" classname="ncsa.d2k.modules.core.datatype.table.transformations.BinTransform"/>
      <input index="1" classname="ncsa.d2k.modules.io.sql.DBConnection"/>
      <input index="2" classname="java.lang.String"/>
      <input index="3" classname="ncsa.d2k.modules.core.datatype.table.ExampleTable"/>
      <output index="0" classname="ncsa.d2k.modules.core.transform.binning.BinTree">
        <destination alias="Create Naive Bayes Model" index="0"/>
      </output>
      <property name="debug" value="false"/>
      <property name="outputCounts" value="1"/>
      <property name="moduleStatistics" reference="SQLCreateBinTree:moduleStatistics"/>
    </module>
    <module alias="SelectTable" classname="ncsa.d2k.modules.core.io.sql.SelectTable" xloc="161" yloc="130">
      <input index="0" classname="java.util.Vector"/>
      <output index="0" classname="java.lang.String">
        <destination alias="FanOut" index="0"/>
      </output>
      <property name="outputCounts" value="1"/>
      <property name="moduleStatistics" reference="SelectTable:moduleStatistics"/>
      <property name="supressGui" value="false"/>
    </module>
    <module alias="Select Attributes" classname="ncsa.d2k.modules.core.io.sql.SelectAttributes" xloc="399" yloc="53">
      <input index="0" classname="java.util.Vector"/>
      <output index="0" classname="[Ljava.lang.String;">
        <destination alias="FanOut3" index="0"/>
      </output>
      <property name="outputCounts" value="1"/>
      <property name="moduleStatistics" reference="Select Attributes:moduleStatistics"/>
      <property name="supressGui" value="false"/>
    </module>
    <module alias="Naive Bayes Vis" classname="ncsa.d2k.modules.core.prediction.naivebayes.NaiveBayesVis" xloc="696" yloc="393">
      <input index="0" classname="ncsa.d2k.modules.core.prediction.naivebayes.NaiveBayesModel"/>
      <property name="outputCounts" value=""/>
      <property name="moduleStatistics" reference="Naive Bayes Vis:moduleStatistics"/>
    </module>
    <module alias="ReadQueryResults" classname="ncsa.d2k.modules.core.io.sql.ReadQueryResults" xloc="692" yloc="196">
      <input index="0" classname="ncsa.d2k.modules.core.io.sql.ConnectionWrapper"/>
      <input index="1" classname="[Ljava.lang.String;"/>
      <input index="2" classname="java.lang.String"/>
      <input index="3" classname="java.lang.String"/>
      <output index="0" classname="ncsa.d2k.modules.core.datatype.table.basic.TableImpl">
        <destination alias="Choose Input and Output Attributes" index="0"/>
      </output>
      <property name="outputCounts" value="1"/>
      <property name="moduleStatistics" reference="ReadQueryResults:moduleStatistics"/>
    </module>
    <module alias="Available Attributes Input" classname="ncsa.d2k.modules.core.io.sql.AvailableAttributesInput" xloc="260" yloc="8">
      <input index="0" classname="ncsa.d2k.modules.io.input.sql.ConnectionWrapper"/>
      <input index="1" classname="java.lang.String"/>
      <output index="0" classname="ncsa.d2k.modules.core.io.sql.ConnectionWrapper">
        <destination alias="FanOut1" index="0"/>
      </output>
      <output index="1" classname="java.util.Vector">
        <destination alias="Select Attributes" index="0"/>
      </output>
      <property name="outputCounts" value=""/>
      <property name="moduleStatistics" reference="Available Attributes Input:moduleStatistics"/>
    </module>
    <module alias="FanOut5" classname="ncsa.d2k.core.modules.FanOutModule" xloc="230" yloc="364">
      <input index="0" classname="ncsa.d2k.modules.core.datatype.table.ExampleTable"/>
      <output index="0" classname="ncsa.d2k.modules.core.datatype.table.ExampleTable">
        <destination alias="SQLCreateBinTree" index="3"/>
      </output>
      <output index="1" classname="ncsa.d2k.modules.core.datatype.table.ExampleTable">
        <destination alias="Create Naive Bayes Model" index="1"/>
      </output>
      <property name="outputCounts" value="0,0"/>
      <property name="moduleStatistics" reference="FanOut5:moduleStatistics"/>
    </module>
    <module alias="FanOut4" classname="ncsa.d2k.core.modules.FanOutModule" xloc="608" yloc="143">
      <input index="0" classname="java.lang.String"/>
      <output index="0" classname="java.lang.String">
        <destination alias="ReadQueryResults" index="3"/>
      </output>
      <property name="outputCounts" value="0"/>
      <property name="moduleStatistics" reference="FanOut4:moduleStatistics"/>
    </module>
    <module alias="FanOut3" classname="ncsa.d2k.core.modules.FanOutModule" xloc="512" yloc="64">
      <input index="0" classname="[Ljava.lang.String;"/>
      <output index="0" classname="[Ljava.lang.String;">
        <destination alias="ReadQueryResults" index="1"/>
      </output>
      <output index="1" classname="[Ljava.lang.String;">
        <destination alias="SQL Bin Attributes" index="2"/>
      </output>
      <property name="outputCounts" value="0,0"/>
      <property name="moduleStatistics" reference="FanOut3:moduleStatistics"/>
    </module>
    <module alias="FanOut2" classname="ncsa.d2k.core.modules.FanOutModule" xloc="88" yloc="104">
      <input index="0" classname="ncsa.d2k.modules.core.io.sql.DBConnection"/>
      <output index="0" classname="ncsa.d2k.modules.core.io.sql.DBConnection">
        <destination alias="AvailableTablesInput" index="0"/>
      </output>
      <output index="1" classname="ncsa.d2k.modules.core.io.sql.DBConnection">
        <destination alias="ReadQueryResults" index="0"/>
      </output>
      <output index="2" classname="ncsa.d2k.modules.core.io.sql.DBConnection">
        <destination alias="SQLCreateBinTree" index="1"/>
      </output>
      <property name="outputCounts" value="0,0,0"/>
      <property name="moduleStatistics" reference="FanOut2:moduleStatistics"/>
    </module>
    <module alias="FanOut1" classname="ncsa.d2k.core.modules.FanOutModule" xloc="415" yloc="24">
      <input index="0" classname="ncsa.d2k.modules.core.io.sql.ConnectionWrapper"/>
      <output index="0" classname="ncsa.d2k.modules.core.io.sql.ConnectionWrapper">
        <destination alias="SQLFilterConstruction" index="0"/>
      </output>
      <output index="1" classname="ncsa.d2k.modules.core.io.sql.ConnectionWrapper">
        <destination alias="SQL Bin Attributes" index="0"/>
      </output>
      <property name="outputCounts" value="0,0"/>
      <property name="moduleStatistics" reference="FanOut1:moduleStatistics"/>
    </module>
    <module alias="ConnectToDB" classname="ncsa.d2k.modules.core.io.sql.ConnectToDB" xloc="2" yloc="96">
      <output index="0" classname="ncsa.d2k.modules.core.io.sql.DBConnection">
        <destination alias="FanOut2" index="0"/>
      </output>
      <property name="url" value="jdbc:oracle:thin:@sol.ncsa.uiuc.edu:1521:oracle2"/>
      <property name="port" value="1521"/>
      <property name="machine" value="sol.ncsa.uiuc.edu"/>
      <property name="moduleStatistics" reference="ConnectToDB:moduleStatistics"/>
      <property name="username" value="police"/>
      <property name="outputCounts" value="1"/>
      <property name="supressGui" value="false"/>
      <property name="password" value="nibrs"/>
      <property name="driver" value="oracle.jdbc.driver.OracleDriver"/>
      <property name="dbInstance" value="oracle2"/>
    </module>
    <module alias="SQL Bin Attributes" classname="ncsa.d2k.modules.core.transform.binning.SQLBinAttributes" xloc="328" yloc="167">
      <input index="0" classname="ncsa.d2k.modules.core.io.sql.ConnectionWrapper"/>
      <input index="1" classname="java.lang.String"/>
      <input index="2" classname="[Ljava.lang.String;"/>
      <output index="0" classname="ncsa.d2k.modules.core.datatype.table.transformations.BinTransform">
        <destination alias="SQLCreateBinTree" index="0"/>
      </output>
      <property name="newColumn" value="false"/>
      <property name="outputCounts" value="1"/>
      <property name="savedBins" reference="SQL Bin Attributes:savedBins"/>
      <property name="moduleStatistics" reference="SQL Bin Attributes:moduleStatistics"/>
      <property name="supressGui" value="false"/>
    </module>
    <module alias="SQLFilterConstruction" classname="ncsa.d2k.modules.core.transform.table.SQLFilterConstruction" xloc="477" yloc="128">
      <input index="0" classname="ncsa.d2k.modules.io.input.sql.ConnectionWrapper"/>
      <input index="1" classname="java.lang.String"/>
      <output index="0" classname="java.lang.String">
        <destination alias="FanOut4" index="0"/>
      </output>
      <property name="lastExpression" value=""/>
      <property name="outputCounts" value="1"/>
      <property name="moduleStatistics" reference="SQLFilterConstruction:moduleStatistics"/>
      <property name="supressGui" value="false"/>
    </module>
    <module alias="Prepare Model for Visualization" classname="ncsa.d2k.modules.core.prediction.naivebayes.PrepareForVis" xloc="483" yloc="393">
      <input index="0" classname="ncsa.d2k.modules.core.prediction.naivebayes.NaiveBayesModel"/>
      <output index="0" classname="ncsa.d2k.modules.core.prediction.naivebayes.NaiveBayesModel">
        <destination alias="Naive Bayes Vis" index="0"/>
      </output>
      <property name="outputCounts" value="1"/>
      <property name="moduleStatistics" reference="Prepare Model for Visualization:moduleStatistics"/>
    </module>
    <module alias="AvailableTablesInput" classname="ncsa.d2k.modules.core.io.sql.AvailableTablesInput" xloc="116" yloc="16">
      <input index="0" classname="ncsa.d2k.modules.core.io.sql.ConnectionWrapper"/>
      <output index="0" classname="ncsa.d2k.modules.core.io.sql.ConnectionWrapper">
        <destination alias="Available Attributes Input" index="0"/>
      </output>
      <output index="1" classname="java.util.Vector">
        <destination alias="SelectTable" index="0"/>
      </output>
      <property name="dataCubeOnly" value="false"/>
      <property name="outputCounts" value="1,1"/>
      <property name="moduleStatistics" reference="AvailableTablesInput:moduleStatistics"/>
      <property name="dataTableOnly" value="true"/>
    </module>
  </itinerary>
</toolkit>
