<?xml version="1.0" encoding="UTF-8"?>

<toolkit xmlns:xsi="http://www.w3.org/2001/XMLSchema-Instance" xsi:noNamespaceSchemaLocation="item.xsd">
  <itinerary label="SQL-HTree.zip">
    <module alias="Connect To DB" classname="ncsa.d2k.modules.core.io.sql.ConnectToDB" xloc="6" yloc="14">
      <output index="0" classname="ncsa.d2k.modules.core.io.sql.DBConnection">
        <destination alias="Available Tables Input" index="0"/>
      </output>
      <property name="url" value="jdbc:microsoft:sqlserver://:1433;DatabaseName="/>
      <property name="dbVendor" value=""/>
      <property name="port" value="1433"/>
      <property name="machine" value=""/>
      <property name="moduleStatistics" reference="Connect To DB:moduleStatistics"/>
      <property name="username" value=""/>
      <property name="outputCounts" value="0"/>
      <property name="supressGui" value="false"/>
      <property name="password" value=""/>
      <property name="driver" value="com.microsoft.jdbc.sqlserver.SQLServerDriver"/>
      <property name="dbInstance" value=""/>
    </module>
    <module alias="Select  Table" classname="ncsa.d2k.modules.core.io.sql.SelectTable" xloc="121" yloc="164">
      <input index="0" classname="java.util.Vector"/>
      <output index="0" classname="java.lang.String">
        <destination alias="FanOut" index="0"/>
      </output>
      <property name="outputCounts" value="0"/>
      <property name="moduleStatistics" reference="Select  Table:moduleStatistics"/>
      <property name="supressGui" value="false"/>
    </module>
    <module alias="Rule Assoc Report" classname="ncsa.d2k.modules.core.discovery.ruleassociation.RuleAssocReport" xloc="662" yloc="383">
      <input index="0" classname="ncsa.d2k.modules.core.discovery.ruleassociation.RuleTable"/>
      <property name="outputCounts" value=""/>
      <property name="moduleStatistics" reference="Rule Assoc Report:moduleStatistics"/>
    </module>
    <module alias="SQL HTree" classname="ncsa.d2k.modules.core.transform.summarization.SQLHTree" xloc="680" yloc="90">
      <input index="0" classname="ncsa.d2k.modules.core.io.sql.ConnectionWrapper"/>
      <input index="1" classname="java.lang.String"/>
      <input index="2" classname="[Ljava.lang.String;"/>
      <input index="3" classname="java.lang.String"/>
      <input index="4" classname="ncsa.d2k.modules.core.datatype.table.transformations.BinTransform"/>
      <output index="0" classname="ncsa.d2k.modules.core.io.sql.ConnectionWrapper">
        <destination alias="SQL Get Rule Assoc From Cube" index="0"/>
      </output>
      <output index="1" classname="java.lang.String">
        <destination alias="SQL Get Rule Assoc From Cube" index="1"/>
      </output>
      <property name="support" value="10.0"/>
      <property name="maxRuleSize" value="4"/>
      <property name="outputCounts" value="0,0"/>
      <property name="moduleStatistics" reference="SQL HTree:moduleStatistics"/>
    </module>
    <module alias="FanOut4" classname="ncsa.d2k.core.modules.FanOutModule" xloc="602" yloc="353">
      <input index="0" classname="ncsa.d2k.modules.core.discovery.ruleassociation.RuleTable"/>
      <output index="0" classname="ncsa.d2k.modules.core.discovery.ruleassociation.RuleTable">
        <destination alias="Rule Visualizer" index="0"/>
      </output>
      <output index="1" classname="ncsa.d2k.modules.core.discovery.ruleassociation.RuleTable">
        <destination alias="Rule Assoc Report" index="0"/>
      </output>
      <property name="outputCounts" value="0,0"/>
      <property name="moduleStatistics" reference="FanOut4:moduleStatistics"/>
    </module>
    <module alias="FanOut3" classname="ncsa.d2k.core.modules.FanOutModule" xloc="369" yloc="19">
      <input index="0" classname="ncsa.d2k.modules.core.io.sql.ConnectionWrapper"/>
      <output index="0" classname="ncsa.d2k.modules.core.io.sql.ConnectionWrapper">
        <destination alias="SQL Filter Construction" index="0"/>
      </output>
      <output index="1" classname="ncsa.d2k.modules.core.io.sql.ConnectionWrapper">
        <destination alias="SQL HTree" index="0"/>
      </output>
      <output index="2" classname="ncsa.d2k.modules.core.io.sql.ConnectionWrapper">
        <destination alias="SQL Bin Attributes" index="0"/>
      </output>
      <property name="outputCounts" value="0,0,0"/>
      <property name="moduleStatistics" reference="FanOut3:moduleStatistics"/>
    </module>
    <module alias="Rule Visualizer" classname="ncsa.d2k.modules.core.discovery.ruleassociation.RuleVis" xloc="672" yloc="304">
      <input index="0" classname="ncsa.d2k.modules.core.discovery.ruleassociation.RuleTable"/>
      <property name="outputCounts" value=""/>
      <property name="moduleStatistics" reference="Rule Visualizer:moduleStatistics"/>
    </module>
    <module alias="FanOut2" classname="ncsa.d2k.core.modules.FanOutModule" xloc="465" yloc="99">
      <input index="0" classname="[Ljava.lang.String;"/>
      <output index="0" classname="[Ljava.lang.String;">
        <destination alias="SQL HTree" index="2"/>
      </output>
      <output index="1" classname="[Ljava.lang.String;">
        <destination alias="SQL Bin Attributes" index="2"/>
      </output>
      <property name="outputCounts" value="0,0"/>
      <property name="moduleStatistics" reference="FanOut2:moduleStatistics"/>
    </module>
    <module alias="SQL Get Rule Assoc From Cube" classname="ncsa.d2k.modules.core.discovery.ruleassociation.SQLGetRuleAssocFromCube" xloc="626" yloc="214">
      <input index="0" classname="ncsa.d2k.modules.core.io.sql.ConnectionWrapper"/>
      <input index="1" classname="java.lang.String"/>
      <output index="0" classname="ncsa.d2k.modules.core.discovery.ruleassociation.RuleTable">
        <destination alias="FanOut4" index="0"/>
      </output>
      <property name="threshold" value="10.0"/>
      <property name="minConfidence" value="70.0"/>
      <property name="outputCounts" value="0"/>
      <property name="moduleStatistics" reference="SQL Get Rule Assoc From Cube:moduleStatistics"/>
      <property name="minSupport" value="20.0"/>
    </module>
    <module alias="FanOut1" classname="ncsa.d2k.core.modules.FanOutModule" xloc="615" yloc="27">
      <input index="0" classname="java.lang.String"/>
      <output index="0" classname="java.lang.String">
        <destination alias="SQL HTree" index="3"/>
      </output>
      <property name="outputCounts" value="0"/>
      <property name="moduleStatistics" reference="FanOut1:moduleStatistics"/>
    </module>
    <module alias="FanOut" classname="ncsa.d2k.core.modules.FanOutModule" xloc="219" yloc="168">
      <input index="0" classname="java.lang.String"/>
      <output index="0" classname="java.lang.String">
        <destination alias="SQL Filter Construction" index="1"/>
      </output>
      <output index="1" classname="java.lang.String">
        <destination alias="SQL HTree" index="1"/>
      </output>
      <output index="2" classname="java.lang.String">
        <destination alias="SQL Bin Attributes" index="1"/>
      </output>
      <output index="3" classname="java.lang.String">
        <destination alias="Available Attributes Input" index="1"/>
      </output>
      <property name="outputCounts" value="0,0,0,0"/>
      <property name="moduleStatistics" reference="FanOut:moduleStatistics"/>
    </module>
    <module alias="SQL Bin Attributes" classname="ncsa.d2k.modules.core.transform.binning.SQLBinAttributes" xloc="485" yloc="228">
      <input index="0" classname="ncsa.d2k.modules.core.io.sql.ConnectionWrapper"/>
      <input index="1" classname="java.lang.String"/>
      <input index="2" classname="[Ljava.lang.String;"/>
      <output index="0" classname="ncsa.d2k.modules.core.datatype.table.transformations.BinTransform">
        <destination alias="SQL HTree" index="4"/>
      </output>
      <property name="newColumn" value="false"/>
      <property name="outputCounts" value="0"/>
      <property name="savedBins" reference="SQL Bin Attributes:savedBins"/>
      <property name="moduleStatistics" reference="SQL Bin Attributes:moduleStatistics"/>
      <property name="supressGui" value="false"/>
    </module>
    <module alias="Available Attributes Input" classname="ncsa.d2k.modules.core.io.sql.AvailableAttributesInput" xloc="217" yloc="30">
      <input index="0" classname="ncsa.d2k.modules.io.input.sql.ConnectionWrapper"/>
      <input index="1" classname="java.lang.String"/>
      <output index="0" classname="ncsa.d2k.modules.core.io.sql.ConnectionWrapper">
        <destination alias="FanOut3" index="0"/>
      </output>
      <output index="1" classname="java.util.Vector">
        <destination alias="Select Attributes" index="0"/>
      </output>
      <property name="outputCounts" value=""/>
      <property name="moduleStatistics" reference="Available Attributes Input:moduleStatistics"/>
    </module>
    <module alias="Select Attributes" classname="ncsa.d2k.modules.core.io.sql.SelectAttributes" xloc="360" yloc="88">
      <input index="0" classname="java.util.Vector"/>
      <output index="0" classname="[Ljava.lang.String;">
        <destination alias="FanOut2" index="0"/>
      </output>
      <property name="outputCounts" value="0"/>
      <property name="moduleStatistics" reference="Select Attributes:moduleStatistics"/>
      <property name="supressGui" value="false"/>
    </module>
    <module alias="Available Tables Input" classname="ncsa.d2k.modules.core.io.sql.AvailableTablesInput" xloc="104" yloc="14">
      <input index="0" classname="ncsa.d2k.modules.core.io.sql.ConnectionWrapper"/>
      <output index="0" classname="ncsa.d2k.modules.core.io.sql.ConnectionWrapper">
        <destination alias="Available Attributes Input" index="0"/>
      </output>
      <output index="1" classname="java.util.Vector">
        <destination alias="Select  Table" index="0"/>
      </output>
      <property name="dataCubeOnly" value="false"/>
      <property name="outputCounts" value="0,0"/>
      <property name="moduleStatistics" reference="Available Tables Input:moduleStatistics"/>
      <property name="dataTableOnly" value="true"/>
    </module>
    <module alias="SQL Filter Construction" classname="ncsa.d2k.modules.core.transform.table.SQLFilterConstruction" xloc="486" yloc="13">
      <input index="0" classname="ncsa.d2k.modules.io.input.sql.ConnectionWrapper"/>
      <input index="1" classname="java.lang.String"/>
      <output index="0" classname="java.lang.String">
        <destination alias="FanOut1" index="0"/>
      </output>
      <property name="lastExpression" value=""/>
      <property name="outputCounts" value="0"/>
      <property name="moduleStatistics" reference="SQL Filter Construction:moduleStatistics"/>
      <property name="supressGui" value="false"/>
    </module>
  </itinerary>
</toolkit>
