<?xml version="1.0" encoding="UTF-8"?>

<toolkit xmlns:xsi="http://www.w3.org/2001/XMLSchema-Instance" xsi:noNamespaceSchemaLocation="item.xsd">
  <itinerary label="ParameterOptimization.zip">
    <module alias="Best Point" classname="ncsa.d2k.modules.core.io.console.PrintExample" xloc="444" yloc="617">
      <input index="0" classname="ncsa.d2k.modules.core.datatype.table.Example"/>
      <output index="0" classname="ncsa.d2k.modules.core.datatype.table.Example">
        <destination alias="Back Prop Neural Net Generator1" index="1"/>
      </output>
      <property name="outputCounts" value="0"/>
      <property name="moduleStatistics" reference="Best Point:moduleStatistics"/>
      <property name="label" value=""/>
    </module>
    <module alias="Create Example" classname="ncsa.d2k.modules.core.optimize.CreateExample" xloc="724" yloc="185">
      <input index="0" classname="ncsa.d2k.modules.core.datatype.parameter.ParameterPoint"/>
      <input index="1" classname="ncsa.d2k.modules.core.datatype.parameter.ParameterPoint"/>
      <output index="0" classname="ncsa.d2k.modules.core.datatype.table.Example">
        <destination alias="Random Sample" index="1"/>
      </output>
      <property name="outputCounts" value="0"/>
      <property name="moduleStatistics" reference="Create Example:moduleStatistics"/>
    </module>
    <module alias="Error Function1" classname="ncsa.d2k.modules.core.prediction.ErrorFunctionGenerator" xloc="558" yloc="617">
      <output index="0" classname="ncsa.d2k.modules.core.prediction.ErrorFunction">
        <destination alias="Simple Model Evaluator1" index="0"/>
      </output>
      <property name="outputCounts" value="1"/>
      <property name="moduleStatistics" reference="Error Function1:moduleStatistics"/>
      <property name="errorFunctionName" value="Absolute"/>
    </module>
    <module alias="Simple Model Evaluator" classname="ncsa.d2k.modules.core.optimize.SimpleModelEvaluator" xloc="1040" yloc="401">
      <input index="0" classname="ncsa.d2k.modules.core.prediction.ErrorFunction"/>
      <input index="1" classname="ncsa.d2k.modules.PredictionModelModule"/>
      <input index="2" classname="ncsa.d2k.modules.core.datatype.table.ExampleTable"/>
      <output index="0" classname="ncsa.d2k.modules.core.datatype.parameter.ParameterPoint">
        <destination alias="Create Example" index="1"/>
      </output>
      <output index="1" classname="ncsa.d2k.modules.core.datatype.table.PredictionTable"/>
      <property name="filterByPredictedOutput" value="false"/>
      <property name="ordered" value="true"/>
      <property name="filterOutputLowerFraction" value="0.2"/>
      <property name="outputCounts" value="0,0"/>
      <property name="moduleStatistics" reference="Simple Model Evaluator:moduleStatistics"/>
      <property name="reportAverageError" value="false"/>
      <property name="reportLineLabel" value="SimpleModelEvaluator: "/>
      <property name="reportEveryPrediction" value="false"/>
      <property name="maxInstances" value="2"/>
      <property name="filterOutputUpperFraction" value="0.2"/>
    </module>
    <module alias="Filename" classname="ncsa.d2k.modules.core.io.file.input.Input1FileName" xloc="18" yloc="17">
      <output index="0" classname="java.lang.String">
        <destination alias="Delimited Parser" index="0"/>
      </output>
      <property name="outputCounts" value="1"/>
      <property name="fileName" value="/export/home/ncsa/redman/AH-64A_1.csv"/>
      <property name="moduleStatistics" reference="Filename:moduleStatistics"/>
    </module>
    <module alias="Simple Train Test" classname="ncsa.d2k.modules.core.transform.table.SimpleTrainTest" xloc="648" yloc="425">
      <input index="0" classname="ncsa.d2k.modules.core.datatype.table.Table"/>
      <output index="0" classname="ncsa.d2k.modules.core.datatype.table.TrainTable">
        <destination alias="Back Prop Neural Net Generator" index="0"/>
      </output>
      <output index="1" classname="ncsa.d2k.modules.core.datatype.table.TestTable">
        <destination alias="Simple Model Evaluator" index="2"/>
      </output>
      <property name="outputCounts" value="0,0"/>
      <property name="testPercent" value="100"/>
      <property name="moduleStatistics" reference="Simple Train Test:moduleStatistics"/>
      <property name="samplingMethod" value="0"/>
      <property name="seed" value="123"/>
      <property name="trainPercent" value="100"/>
    </module>
    <module alias="Wait Push" classname="ncsa.d2k.modules.core.control.WaitPush" xloc="156" yloc="401">
      <input index="0" classname="java.lang.Object"/>
      <input index="1" classname="java.lang.Object"/>
      <output index="0" classname="java.lang.Object">
        <destination alias="Trigger Push2" index="0"/>
      </output>
      <property name="debug" value="false"/>
      <property name="outputCounts" value="0"/>
      <property name="moduleStatistics" reference="Wait Push:moduleStatistics"/>
    </module>
    <module alias="File To Table" classname="ncsa.d2k.modules.core.io.file.input.ParseFileToTable" xloc="204" yloc="17">
      <input index="0" classname="ncsa.d2k.modules.core.io.file.input.FlatFileParser"/>
      <output index="0" classname="ncsa.d2k.modules.core.datatype.table.MutableTable">
        <destination alias="FanOut" index="0"/>
      </output>
      <property name="useBlanks" value="true"/>
      <property name="outputCounts" value="1"/>
      <property name="moduleStatistics" reference="File To Table:moduleStatistics"/>
    </module>
    <module alias="Apply Transformation" classname="ncsa.d2k.modules.core.transform.ApplyTransformation" xloc="422" yloc="17">
      <input index="0" classname="ncsa.d2k.modules.core.datatype.table.Transformation"/>
      <input index="1" classname="ncsa.d2k.modules.core.datatype.table.Table"/>
      <output index="0" classname="ncsa.d2k.modules.core.datatype.table.Table">
        <destination alias="Choose Attributes" index="0"/>
      </output>
      <property name="outputCounts" value="0"/>
      <property name="moduleStatistics" reference="Apply Transformation:moduleStatistics"/>
    </module>
    <module alias="Simple Train Test1" classname="ncsa.d2k.modules.core.transform.table.SimpleTrainTest" xloc="140" yloc="713">
      <input index="0" classname="ncsa.d2k.modules.core.datatype.table.Table"/>
      <output index="0" classname="ncsa.d2k.modules.core.datatype.table.TrainTable">
        <destination alias="Back Prop Neural Net Generator1" index="0"/>
      </output>
      <output index="1" classname="ncsa.d2k.modules.core.datatype.table.TestTable">
        <destination alias="Simple Model Evaluator1" index="2"/>
      </output>
      <property name="outputCounts" value="0,0"/>
      <property name="testPercent" value="100"/>
      <property name="moduleStatistics" reference="Simple Train Test1:moduleStatistics"/>
      <property name="samplingMethod" value="0"/>
      <property name="seed" value="123"/>
      <property name="trainPercent" value="100"/>
    </module>
    <module alias="Trigger Push2" classname="ncsa.d2k.modules.core.control.TriggerPushB" xloc="465" yloc="425">
      <input index="0" classname="java.lang.Object"/>
      <input index="1" classname="java.lang.Object"/>
      <output index="0" classname="java.lang.Object">
        <destination alias="Copy Table" index="0"/>
      </output>
      <property name="debug" value="false"/>
      <property name="outputCounts" value="0"/>
      <property name="moduleStatistics" reference="Trigger Push2:moduleStatistics"/>
    </module>
    <module alias="TableToParameterPoint" classname="ncsa.d2k.modules.core.transform.TableToParameterPoint" xloc="295" yloc="617">
      <input index="0" classname="ncsa.d2k.modules.core.datatype.table.ExampleTable"/>
      <output index="0" classname="ncsa.d2k.modules.core.datatype.parameter.ParameterPoint">
        <destination alias="Best Point" index="0"/>
      </output>
      <property name="outputCounts" value="0"/>
      <property name="moduleStatistics" reference="TableToParameterPoint:moduleStatistics"/>
    </module>
    <module alias="FanOut4" classname="ncsa.d2k.core.modules.FanOutModule" xloc="99" yloc="324">
      <input index="0" classname="ncsa.d2k.modules.core.datatype.table.ExampleTable"/>
      <output index="0" classname="ncsa.d2k.modules.core.datatype.table.ExampleTable">
        <destination alias="Wait Push" index="1"/>
      </output>
      <output index="1" classname="ncsa.d2k.modules.core.datatype.table.ExampleTable">
        <destination alias="TableToParameterPoint" index="0"/>
      </output>
      <property name="outputCounts" value="0,0"/>
      <property name="moduleStatistics" reference="FanOut4:moduleStatistics"/>
    </module>
    <module alias="Back Prop Neural Net Generator1" classname="ncsa.d2k.modules.core.prediction.neuralnet.BackPropModelGeneratorReentrant" xloc="509" yloc="737">
      <input index="0" classname="ncsa.d2k.modules.core.datatype.table.ExampleTable"/>
      <input index="1" classname="ncsa.d2k.modules.core.datatype.parameter.ParameterPoint"/>
      <output index="0" classname="ncsa.d2k.modules.core.prediction.neuralnet.BackPropModel">
        <destination alias="Simple Model Evaluator1" index="1"/>
      </output>
      <property name="debug" value="false"/>
      <property name="ordered" value="true"/>
      <property name="outputCounts" value="0"/>
      <property name="moduleStatistics" reference="Back Prop Neural Net Generator1:moduleStatistics"/>
      <property name="maxInstances" value="2"/>
      <property name="makeModelAvailable" value="true"/>
    </module>
    <module alias="Trigger Push" classname="ncsa.d2k.modules.core.control.TriggerPushB" xloc="156" yloc="185">
      <input index="0" classname="java.lang.Object"/>
      <input index="1" classname="java.lang.Object"/>
      <output index="0" classname="java.lang.Object">
        <destination alias="Random Sample" index="0"/>
      </output>
      <property name="debug" value="false"/>
      <property name="outputCounts" value="0"/>
      <property name="moduleStatistics" reference="Trigger Push:moduleStatistics"/>
    </module>
    <module alias="FanOut" classname="ncsa.d2k.core.modules.FanOutModule" xloc="291" yloc="36">
      <input index="0" classname="ncsa.d2k.modules.core.datatype.table.MutableTable"/>
      <output index="0" classname="ncsa.d2k.modules.core.datatype.table.MutableTable">
        <destination alias="Scale Values" index="0"/>
      </output>
      <output index="1" classname="ncsa.d2k.modules.core.datatype.table.MutableTable">
        <destination alias="Apply Transformation" index="1"/>
      </output>
      <property name="outputCounts" value="0,0"/>
      <property name="moduleStatistics" reference="FanOut:moduleStatistics"/>
    </module>
    <module alias="Simple Model Evaluator1" classname="ncsa.d2k.modules.core.optimize.SimpleModelEvaluator" xloc="652" yloc="689">
      <input index="0" classname="ncsa.d2k.modules.core.prediction.ErrorFunction"/>
      <input index="1" classname="ncsa.d2k.modules.PredictionModelModule"/>
      <input index="2" classname="ncsa.d2k.modules.core.datatype.table.ExampleTable"/>
      <output index="0" classname="ncsa.d2k.modules.core.datatype.parameter.ParameterPoint">
        <destination alias="Final Result" index="0"/>
      </output>
      <output index="1" classname="ncsa.d2k.modules.core.datatype.table.PredictionTable"/>
      <property name="filterByPredictedOutput" value="false"/>
      <property name="ordered" value="true"/>
      <property name="filterOutputLowerFraction" value="0.2"/>
      <property name="outputCounts" value="0,0"/>
      <property name="moduleStatistics" reference="Simple Model Evaluator1:moduleStatistics"/>
      <property name="reportAverageError" value="false"/>
      <property name="reportLineLabel" value="SimpleModelEvaluator: "/>
      <property name="reportEveryPrediction" value="false"/>
      <property name="maxInstances" value="2"/>
      <property name="filterOutputUpperFraction" value="0.2"/>
    </module>
    <module alias="Copy Table" classname="ncsa.d2k.modules.projects.vered.CopyTable" xloc="564" yloc="425">
      <input index="0" classname="ncsa.d2k.modules.core.datatype.table.Table"/>
      <output index="0" classname="ncsa.d2k.modules.core.datatype.table.Table">
        <destination alias="Simple Train Test" index="0"/>
      </output>
      <output index="1" classname="ncsa.d2k.modules.core.datatype.table.Table"/>
      <property name="outputCounts" value="0,0"/>
      <property name="moduleStatistics" reference="Copy Table:moduleStatistics"/>
    </module>
    <module alias="Trigger Push1" classname="ncsa.d2k.modules.core.control.TriggerPushB" xloc="969" yloc="353">
      <input index="0" classname="java.lang.Object"/>
      <input index="1" classname="java.lang.Object"/>
      <output index="0" classname="java.lang.Object">
        <destination alias="Simple Model Evaluator" index="0"/>
      </output>
      <property name="debug" value="false"/>
      <property name="outputCounts" value="0"/>
      <property name="moduleStatistics" reference="Trigger Push1:moduleStatistics"/>
    </module>
    <module alias="Scale Values" classname="ncsa.d2k.modules.core.transform.attribute.Scale" xloc="348" yloc="65">
      <input index="0" classname="ncsa.d2k.modules.core.datatype.table.MutableTable"/>
      <output index="0" classname="ncsa.d2k.modules.core.datatype.table.Transformation">
        <destination alias="Apply Transformation" index="0"/>
      </output>
      <property name="outputCounts" value="0"/>
      <property name="moduleStatistics" reference="Scale Values:moduleStatistics"/>
      <property name="supressGui" value="true"/>
    </module>
    <module alias="Final Result" classname="ncsa.d2k.modules.core.io.console.PrintExample" xloc="852" yloc="641">
      <input index="0" classname="ncsa.d2k.modules.core.datatype.table.Example"/>
      <output index="0" classname="ncsa.d2k.modules.core.datatype.table.Example"/>
      <property name="outputCounts" value="0"/>
      <property name="moduleStatistics" reference="Final Result:moduleStatistics"/>
      <property name="label" value=""/>
    </module>
    <module alias="Choose Attributes" classname="ncsa.d2k.modules.core.transform.attribute.ChooseAttributes" xloc="551" yloc="17">
      <input index="0" classname="ncsa.d2k.modules.core.datatype.table.Table"/>
      <output index="0" classname="ncsa.d2k.modules.core.datatype.table.ExampleTable">
        <destination alias="FanOut1" index="0"/>
      </output>
      <property name="outputCounts" value="0"/>
      <property name="moduleStatistics" reference="Choose Attributes:moduleStatistics"/>
      <property name="supressGui" value="true"/>
    </module>
    <module alias="FanOut1" classname="ncsa.d2k.core.modules.FanOutModule" xloc="27" yloc="392">
      <input index="0" classname="ncsa.d2k.modules.core.datatype.table.ExampleTable"/>
      <output index="0" classname="ncsa.d2k.modules.core.datatype.table.ExampleTable">
        <destination alias="Trigger Push" index="1"/>
      </output>
      <output index="1" classname="ncsa.d2k.modules.core.datatype.table.ExampleTable">
        <destination alias="Simple Train Test1" index="0"/>
      </output>
      <output index="2" classname="ncsa.d2k.modules.core.datatype.table.ExampleTable">
        <destination alias="Wait Push" index="0"/>
      </output>
      <property name="outputCounts" value="0,0,0"/>
      <property name="moduleStatistics" reference="FanOut1:moduleStatistics"/>
    </module>
    <module alias="Error Function" classname="ncsa.d2k.modules.core.prediction.ErrorFunctionGenerator" xloc="874" yloc="329">
      <output index="0" classname="ncsa.d2k.modules.core.prediction.ErrorFunction">
        <destination alias="Trigger Push1" index="0"/>
      </output>
      <property name="outputCounts" value="1"/>
      <property name="moduleStatistics" reference="Error Function:moduleStatistics"/>
      <property name="errorFunctionName" value="Absolute"/>
    </module>
    <module alias="FanOut2" classname="ncsa.d2k.core.modules.FanOutModule" xloc="387" yloc="176">
      <input index="0" classname="ncsa.d2k.modules.core.datatype.parameter.ParameterPoint"/>
      <output index="0" classname="ncsa.d2k.modules.core.datatype.parameter.ParameterPoint">
        <destination alias="Create Example" index="0"/>
      </output>
      <output index="1" classname="ncsa.d2k.modules.core.datatype.parameter.ParameterPoint">
        <destination alias="Back Prop Neural Net Generator" index="1"/>
      </output>
      <output index="2" classname="ncsa.d2k.modules.core.datatype.parameter.ParameterPoint">
        <destination alias="Trigger Push2" index="1"/>
      </output>
      <property name="outputCounts" value="0,0,0"/>
      <property name="moduleStatistics" reference="FanOut2:moduleStatistics"/>
    </module>
    <module alias="Back Prop Neural Net Generator" classname="ncsa.d2k.modules.core.prediction.neuralnet.BackPropModelGeneratorReentrant" xloc="728" yloc="353">
      <input index="0" classname="ncsa.d2k.modules.core.datatype.table.ExampleTable"/>
      <input index="1" classname="ncsa.d2k.modules.core.datatype.parameter.ParameterPoint"/>
      <output index="0" classname="ncsa.d2k.modules.core.prediction.neuralnet.BackPropModel">
        <destination alias="FanOut3" index="0"/>
      </output>
      <property name="debug" value="false"/>
      <property name="ordered" value="true"/>
      <property name="outputCounts" value="0"/>
      <property name="moduleStatistics" reference="Back Prop Neural Net Generator:moduleStatistics"/>
      <property name="maxInstances" value="2"/>
      <property name="makeModelAvailable" value="true"/>
    </module>
    <module alias="NN Param Space" classname="ncsa.d2k.modules.core.prediction.neuralnet.BackPropParamSpaceGenerator" xloc="48" yloc="137">
      <output index="0" classname="ncsa.d2k.modules.core.datatype.parameter.ParameterSpace">
        <destination alias="Trigger Push" index="0"/>
      </output>
      <property name="outputCounts" value="1"/>
      <property name="moduleStatistics" reference="NN Param Space:moduleStatistics"/>
    </module>
    <module alias="FanOut3" classname="ncsa.d2k.core.modules.FanOutModule" xloc="891" yloc="468">
      <input index="0" classname="ncsa.d2k.modules.core.prediction.neuralnet.BackPropModel"/>
      <output index="0" classname="ncsa.d2k.modules.core.prediction.neuralnet.BackPropModel">
        <destination alias="Simple Model Evaluator" index="1"/>
      </output>
      <output index="1" classname="ncsa.d2k.modules.core.prediction.neuralnet.BackPropModel">
        <destination alias="Trigger Push1" index="1"/>
      </output>
      <property name="outputCounts" value="0,0"/>
      <property name="moduleStatistics" reference="FanOut3:moduleStatistics"/>
    </module>
    <module alias="Delimited Parser" classname="ncsa.d2k.modules.core.io.file.input.CreateDelimitedParser" xloc="97" yloc="17">
      <input index="0" classname="java.lang.String"/>
      <output index="0" classname="ncsa.d2k.modules.core.io.file.input.DelimitedFileParser">
        <destination alias="File To Table" index="0"/>
      </output>
      <property name="typesRow" value="1"/>
      <property name="hasSpecDelim" value="false"/>
      <property name="labelsRow" value="0"/>
      <property name="outputCounts" value="1"/>
      <property name="moduleStatistics" reference="Delimited Parser:moduleStatistics"/>
      <property name="hasTypes" value="true"/>
      <property name="hasLabels" value="true"/>
    </module>
    <module alias="Random Sample" classname="ncsa.d2k.modules.core.optimize.random.RandomSampling" xloc="265" yloc="185">
      <input index="0" classname="ncsa.d2k.modules.core.datatype.parameter.ParameterSpace"/>
      <input index="1" classname="ncsa.d2k.modules.core.datatype.table.Example"/>
      <output index="0" classname="ncsa.d2k.modules.core.datatype.parameter.ParameterPoint">
        <destination alias="FanOut2" index="0"/>
      </output>
      <output index="1" classname="ncsa.d2k.modules.core.datatype.table.ExampleTable">
        <destination alias="FanOut4" index="0"/>
      </output>
      <output index="2" classname="ncsa.d2k.modules.core.datatype.table.ExampleTable"/>
      <property name="threashhold" value="0.0"/>
      <property name="outputCounts" value="0,0,0"/>
      <property name="maxIterations" value="100"/>
      <property name="moduleStatistics" reference="Random Sample:moduleStatistics"/>
      <property name="useResolution" value="false"/>
      <property name="minimize" value="true"/>
      <property name="verbose" value="false"/>
      <property name="trace" value="true"/>
      <property name="seed" value="1"/>
    </module>
    <proximity port="9000">
      <machine name="sol" processors="8" dataPort="7022" controlPort="7021">
        <assigned name="Best Point"/>
        <assigned name="Error Function1"/>
        <assigned name="Create Example"/>
        <assigned name="Simple Model Evaluator"/>
        <assigned name="Filename"/>
        <assigned name="Simple Train Test"/>
        <assigned name="Wait Push"/>
        <assigned name="File To Table"/>
        <assigned name="Simple Train Test1"/>
        <assigned name="Apply Transformation"/>
        <assigned name="Trigger Push2"/>
        <assigned name="TableToParameterPoint"/>
        <assigned name="Back Prop Neural Net Generator1"/>
        <assigned name="FanOut4"/>
        <assigned name="Trigger Push"/>
        <assigned name="FanOut"/>
        <assigned name="Simple Model Evaluator1"/>
        <assigned name="Copy Table"/>
        <assigned name="Trigger Push1"/>
        <assigned name="Scale Values"/>
        <assigned name="Final Result"/>
        <assigned name="Choose Attributes"/>
        <assigned name="FanOut1"/>
        <assigned name="Error Function"/>
        <assigned name="FanOut2"/>
        <assigned name="Back Prop Neural Net Generator"/>
        <assigned name="NN Param Space"/>
        <assigned name="Delimited Parser"/>
        <assigned name="FanOut3"/>
        <assigned name="Random Sample"/>
      </machine>
    </proximity>
  </itinerary>
</toolkit>
