<?xml version="1.0" encoding="UTF-8"?>

<toolkit xmlns:xsi="http://www.w3.org/2001/XMLSchema-Instance" xsi:noNamespaceSchemaLocation="item.xsd">
  <itinerary label="DatabaseToTable.zip">
    <module alias="AvailableTablesInput" classname="ncsa.d2k.modules.core.io.sql.AvailableTablesInput" xloc="103" yloc="18">
      <input index="0" classname="ncsa.d2k.modules.core.io.sql.ConnectionWrapper"/>
      <output index="0" classname="ncsa.d2k.modules.core.io.sql.ConnectionWrapper">
        <destination alias="Available Attributes Input" index="0"/>
      </output>
      <output index="1" classname="java.util.Vector">
        <destination alias="SelectTable" index="0"/>
      </output>
      <property name="dataCubeOnly" value="false"/>
      <property name="outputCounts" value="0,0"/>
      <property name="moduleStatistics" reference="AvailableTablesInput:moduleStatistics"/>
      <property name="dataTableOnly" value="true"/>
    </module>
    <module alias="TableViewer" classname="ncsa.d2k.modules.core.vis.TableViewer" xloc="626" yloc="236">
      <input index="0" classname="ncsa.d2k.modules.core.datatype.table.Table"/>
      <output index="0" classname="ncsa.d2k.modules.core.datatype.table.Table"/>
      <property name="maxFractionDigits" value="-1"/>
      <property name="outputCounts" value="0"/>
      <property name="moduleStatistics" reference="TableViewer:moduleStatistics"/>
    </module>
    <module alias="ReadQueryResults" classname="ncsa.d2k.modules.core.io.sql.ReadQueryResults" xloc="609" yloc="154">
      <input index="0" classname="ncsa.d2k.modules.core.io.sql.ConnectionWrapper"/>
      <input index="1" classname="[Ljava.lang.String;"/>
      <input index="2" classname="java.lang.String"/>
      <input index="3" classname="java.lang.String"/>
      <output index="0" classname="ncsa.d2k.modules.core.datatype.table.basic.TableImpl">
        <destination alias="TableViewer" index="0"/>
      </output>
      <property name="outputCounts" value="0"/>
      <property name="moduleStatistics" reference="ReadQueryResults:moduleStatistics"/>
    </module>
    <module alias="SQLFilterConstruction" classname="ncsa.d2k.modules.core.transform.table.SQLFilterConstruction" xloc="515" yloc="20">
      <input index="0" classname="ncsa.d2k.modules.io.input.sql.ConnectionWrapper"/>
      <input index="1" classname="java.lang.String"/>
      <output index="0" classname="java.lang.String">
        <destination alias="ReadQueryResults" index="3"/>
      </output>
      <property name="lastExpression" value=""/>
      <property name="outputCounts" value="0"/>
      <property name="moduleStatistics" reference="SQLFilterConstruction:moduleStatistics"/>
      <property name="queryCondition" value=""/>
      <property name="supressGui" value="false"/>
    </module>
    <module alias="SelectTable" classname="ncsa.d2k.modules.core.io.sql.SelectTable" xloc="227" yloc="102">
      <input index="0" classname="java.util.Vector"/>
      <output index="0" classname="java.lang.String">
        <destination alias="FanOut" index="0"/>
      </output>
      <property name="selectedTable" value="IRIS"/>
      <property name="outputCounts" value="0"/>
      <property name="moduleStatistics" reference="SelectTable:moduleStatistics"/>
      <property name="supressGui" value="false"/>
    </module>
    <module alias="FanOut1" classname="ncsa.d2k.core.modules.FanOutModule" xloc="473" yloc="26">
      <input index="0" classname="ncsa.d2k.modules.core.io.sql.ConnectionWrapper"/>
      <output index="0" classname="ncsa.d2k.modules.core.io.sql.ConnectionWrapper">
        <destination alias="SQLFilterConstruction" index="0"/>
      </output>
      <output index="1" classname="ncsa.d2k.modules.core.io.sql.ConnectionWrapper">
        <destination alias="ReadQueryResults" index="0"/>
      </output>
      <property name="outputCounts" value="0,0"/>
      <property name="moduleStatistics" reference="FanOut1:moduleStatistics"/>
    </module>
    <module alias="FanOut" classname="ncsa.d2k.core.modules.FanOutModule" xloc="320" yloc="110">
      <input index="0" classname="java.lang.String"/>
      <output index="0" classname="java.lang.String">
        <destination alias="SQLFilterConstruction" index="1"/>
      </output>
      <output index="1" classname="java.lang.String">
        <destination alias="ReadQueryResults" index="2"/>
      </output>
      <output index="2" classname="java.lang.String">
        <destination alias="Available Attributes Input" index="1"/>
      </output>
      <property name="outputCounts" value="0,0,0"/>
      <property name="moduleStatistics" reference="FanOut:moduleStatistics"/>
    </module>
    <module alias="ConnectToDB" classname="ncsa.d2k.modules.core.io.sql.ConnectToDB" xloc="6" yloc="18">
      <output index="0" classname="ncsa.d2k.modules.core.io.sql.DBConnection">
        <destination alias="AvailableTablesInput" index="0"/>
      </output>
      <property name="url" value="jdbc:oracle:thin:@sol.ncsa.uiuc.edu:1521:oracle2"/>
      <property name="port" value="1521"/>
      <property name="machine" value="sol.ncsa.uiuc.edu"/>
      <property name="moduleStatistics" reference="ConnectToDB:moduleStatistics"/>
      <property name="username" value="disted_mgr"/>
      <property name="outputCounts" value="0"/>
      <property name="supressGui" value="false"/>
      <property name="password" value="testmining"/>
      <property name="driver" value="oracle.jdbc.driver.OracleDriver"/>
      <property name="dbInstance" value="oracle2"/>
    </module>
    <module alias="Available Attributes Input" classname="ncsa.d2k.modules.core.io.sql.AvailableAttributesInput" xloc="287" yloc="21">
      <input index="0" classname="ncsa.d2k.modules.io.input.sql.ConnectionWrapper"/>
      <input index="1" classname="java.lang.String"/>
      <output index="0" classname="ncsa.d2k.modules.core.io.sql.ConnectionWrapper">
        <destination alias="FanOut1" index="0"/>
      </output>
      <output index="1" classname="java.util.Vector">
        <destination alias="Select Attributes" index="0"/>
      </output>
      <property name="outputCounts" value=""/>
      <property name="moduleStatistics" reference="Available Attributes Input:moduleStatistics"/>
    </module>
    <module alias="Select Attributes" classname="ncsa.d2k.modules.core.io.sql.SelectAttributes" xloc="470" yloc="110">
      <input index="0" classname="java.util.Vector"/>
      <output index="0" classname="[Ljava.lang.String;">
        <destination alias="ReadQueryResults" index="1"/>
      </output>
      <property name="selectedAttributes" reference="Select Attributes:selectedAttributes"/>
      <property name="outputCounts" value="0"/>
      <property name="moduleStatistics" reference="Select Attributes:moduleStatistics"/>
      <property name="supressGui" value="false"/>
    </module>
  </itinerary>
</toolkit>
